signal	chromosome	location_min	location_max	signal_strength	lead_variant
GCST90450224_chr1:14326873-15326873	1	14326873	15326873	6.792094807284251	chr1_14826873_G_A
GCST90450224_chr1:75933270-76933270	1	75933270	76933270	6.541356695578777	chr1_76433270_G_A
GCST90450224_chr1:85017720-86017720	1	85017720	86017720	6.284834541626165	chr1_85543257_T_C
GCST90450224_chr1:218088339-219088339	1	218088339	219088339	7.5028172357931355	chr1_218588339_C_T
