	chromosome	base_pair_location	effect_allele	other_allele	beta	standard_error	effect_allele_frequency	neg_log_10_p_value	rsid	variant_id	info	ref_allele	n	variant	z	V
55718	1	14826873	A	G	0.37096	0.0835986	0.0549569	5.04071	rs17368807	1_14826873_G_A	1.0	OA	928	chr1_14826873_G_A	4.437394884603331	0.006988725921959999
259034	1	76433270	A	G	-0.272463	0.0647336	0.905375	4.5909	rs4949631	1_76433270_G_A	0.976449	OA	928	chr1_76433270_G_A	-4.2089888404167235	0.00419043896896
293322	1	85517720	G	A	0.23062	0.057224	0.135658	4.2538	rs623790	1_85517720_A_G	0.969884	OA	928	chr1_85517720_A_G	4.030127219348525	0.0032745861759999996
663567	1	218588339	T	C	-0.208513	0.0476477	0.222141	4.91793	rs17048238	1_218588339_C_T	0.993682	OA	928	chr1_218588339_C_T	-4.376139876636228	0.0022703033152900003
